{"cameraMode":{"drawMode":0,"name":"Shaded","section":"Shading Mode"},"sceneLighting":false,"audioPlay":false,"sceneViewState":{"m_AlwaysRefresh":false,"showFog":true,"showSkybox":false,"showFlares":true,"showImageEffects":true,"showParticleSystems":true,"showVisualEffectGraphs":true,"m_FxEnabled":true},"in2DMode":false,"pivot":{"x":-3.859999656677246,"y":-5.940999984741211,"z":-5.151000022888184},"rotation":{"x":-0.24815230071544648,"y":0.016561388969421388,"z":-0.0042432392947375778,"w":-0.9685705900192261},"size":0.8660253286361694,"orthographic":false}